,Book Name,Chapter Number,English Title,Arabic Title
0,bukhari,1,Revelation,كتاب بدء الوحى
1,bukhari,2,Belief,كتاب الإيمان
2,bukhari,3,Knowledge,كتاب العلم
3,bukhari,4,Ablutions (Wudu'),كتاب الوضوء
4,bukhari,5,Bathing (Ghusl),كتاب الغسل
5,bukhari,6,Menstrual Periods,كتاب الحيض
6,bukhari,7,Rubbing hands and feet with dust (Tayammum),كتاب التيمم
7,bukhari,8,Prayers (Salat),كتاب الصلاة
8,bukhari,9,Times of the Prayers,كتاب مواقيت الصلاة
9,bukhari,10,Call to Prayers (Adhaan),كتاب الأذان
10,bukhari,11,Friday Prayer,كتاب الجمعة
11,bukhari,12,Fear Prayer,كتاب صلاة الخوف
12,bukhari,13,The Two Festivals (Eids),كتاب العيدين
13,bukhari,14,Witr Prayer,كتاب الوتر
14,bukhari,15,Invoking Allah for Rain (Istisqaa),كتاب الاستسقاء
15,bukhari,16,Eclipses,كتاب الكسوف
16,bukhari,17,Prostration During Recital of Qur'an,كتاب سجود القرآن
17,bukhari,18,Shortening the Prayers (At-Taqseer),كتاب التقصير
18,bukhari,19,Prayer at Night (Tahajjud),كتاب التهجد
19,bukhari,20,Virtues of Prayer at Masjid Makkah and Madinah,كتاب فضل الصلاة فى مسجد مكة والمدينة
20,bukhari,21,Actions while Praying,كتاب العمل فى الصلاة
21,bukhari,22,Forgetfulness in Prayer,كتاب السهو
22,bukhari,23,Funerals (Al-Janaa'iz),كتاب الجنائز
23,bukhari,24,Obligatory Charity Tax (Zakat),كتاب الزكاة
24,bukhari,25,Hajj (Pilgrimage),كتاب الحج
25,bukhari,26,`Umrah (Minor pilgrimage),كتاب العمرة
26,bukhari,27,Pilgrims Prevented from Completing the Pilgrimage,كتاب المحصر
27,bukhari,28,Penalty of Hunting while on Pilgrimage,كتاب جزاء الصيد
28,bukhari,29,Virtues of Madinah,كتاب فضائل المدينة
29,bukhari,30,Fasting,كتاب الصوم
30,bukhari,31,Praying at Night in Ramadaan (Taraweeh),كتاب صلاة التراويح
31,bukhari,32,Virtues of the Night of Qadr,كتاب فضل ليلة القدر
32,bukhari,33,Retiring to a Mosque for Remembrance of Allah (I'tikaf),كتاب الاعتكاف
33,bukhari,34,Sales and Trade,كتاب البيوع
34,bukhari,35,Sales in which a Price is paid for Goods to be Delivered Later (As-Salam),كتاب السلم
35,bukhari,36,Shuf'a,كتاب الشفعة
36,bukhari,37,Hiring,كتاب الإجارة
37,bukhari,38,Transferance of a Debt from One Person to Another (Al-Hawaala),كتاب الحوالات
38,bukhari,39,Kafalah,كتاب الكفالة
39,bukhari,40,"Representation, Authorization, Business by Proxy",كتاب الوكالة
40,bukhari,41,Agriculture,كتاب المزارعة
41,bukhari,42,Distribution of Water,كتاب المساقاة
42,bukhari,43,"Loans, Payment of Loans, Freezing of Property, Bankruptcy",كتاب فى الاستقراض
43,bukhari,44,Khusoomaat,كتاب الخصومات
44,bukhari,45,Lost Things Picked up by Someone (Luqatah),كتاب فى اللقطة
45,bukhari,46,Oppressions,كتاب المظالم
46,bukhari,47,Partnership,كتاب الشركة
47,bukhari,48,Mortgaging,كتاب الرهن
48,bukhari,49,Manumission of Slaves,كتاب العتق
49,bukhari,50,Makaatib,كتاب المكاتب
50,bukhari,51,Gifts,كتاب الهبة وفضلها والتحريض عليها
51,bukhari,52,Witnesses,كتاب الشهادات
52,bukhari,53,Peacemaking,كتاب الصلح
53,bukhari,54,Conditions,كتاب الشروط
54,bukhari,55,Wills and Testaments (Wasaayaa),كتاب الوصايا
55,bukhari,56,Fighting for the Cause of Allah (Jihaad),كتاب الجهاد والسير
56,bukhari,57,One-fifth of Booty to the Cause of Allah (Khumus),كتاب فرض الخمس
57,bukhari,58,Jizyah and Mawaada'ah,كتاب الجزية والموادعة
58,bukhari,59,Beginning of Creation,كتاب بدء الخلق
59,bukhari,60,Prophets,كتاب أحاديث الأنبياء
60,bukhari,61,Virtues and Merits of the Prophet (pbuh) and his Companions,كتاب المناقب
61,bukhari,62,Companions of the Prophet,كتاب فضائل أصحاب النبى صلى الله عليه وسلم
62,bukhari,63,Merits of the Helpers in Madinah (Ansaar),كتاب مناقب الأنصار
63,bukhari,64,Military Expeditions led by the Prophet (pbuh) (Al-Maghaazi),كتاب المغازى
64,bukhari,65,Prophetic Commentary on the Qur'an (Tafseer of the Prophet (pbuh)),كتاب التفسير
65,bukhari,66,Virtues of the Qur'an,كتاب فضائل القرآن
66,bukhari,67,"Wedlock, Marriage (Nikaah)",كتاب النكاح
67,bukhari,68,Divorce,كتاب الطلاق
68,bukhari,69,Supporting the Family,كتاب النفقات
69,bukhari,70,"Food, Meals",كتاب الأطعمة
70,bukhari,71,Sacrifice on Occasion of Birth (`Aqiqa),كتاب العقيقة
71,bukhari,72,"Hunting, Slaughtering",كتاب الذبائح والصيد
72,bukhari,73,Al-Adha Festival Sacrifice (Adaahi),كتاب الأضاحي
73,bukhari,74,Drinks,كتاب الأشربة
74,bukhari,75,Patients,كتاب المرضى
75,bukhari,76,Medicine,كتاب الطب
76,bukhari,77,Dress,كتاب اللباس
77,bukhari,78,Good Manners and Form (Al-Adab),كتاب الأدب
78,bukhari,79,Asking Permission,كتاب الاستئذان
79,bukhari,80,Invocations,كتاب الدعوات
80,bukhari,81,To make the Heart Tender (Ar-Riqaq),كتاب الرقاق
81,bukhari,82,Divine Will (Al-Qadar),كتاب القدر
82,bukhari,83,Oaths and Vows,كتاب الأيمان والنذور
83,bukhari,84,Expiation for Unfulfilled Oaths,كتاب كفارات الأيمان
84,bukhari,85,Laws of Inheritance (Al-Faraa'id),كتاب الفرائض
85,bukhari,86,Limits and Punishments set by Allah (Hudood),كتاب الحدود
86,bukhari,87,Blood Money (Ad-Diyat),كتاب الديات
87,bukhari,88,Apostates,كتاب استتابة المرتدين والمعاندين وقتالهم
88,bukhari,89,(Statements made under) Coercion,كتاب الإكراه
89,bukhari,90,Tricks,كتاب الحيل
90,bukhari,91,Interpretation of Dreams,كتاب التعبير
91,bukhari,92,Afflictions and the End of the World,كتاب الفتن
92,bukhari,93,Judgments (Ahkaam),كتاب الأحكام
93,bukhari,94,Wishes,كتاب التمنى
94,bukhari,95,Accepting Information Given by a Truthful Person,كتاب أخبار الآحاد
95,bukhari,96,Holding Fast to the Qur'an and Sunnah,كتاب الاعتصام بالكتاب والسنة
96,bukhari,97,"Oneness, Uniqueness of Allah (Tawheed)",كتاب التوحيد
97,muslim,,Introduction,المقدمة
98,muslim,1,The Book of Faith,كتاب الإيمان
99,muslim,2,The Book of Purification,كتاب الطهارة
100,muslim,3,The Book of Menstruation,كتاب الحيض
101,muslim,4,The Book of Prayers,كتاب الصلاة
102,muslim,5,The Book of Mosques and Places of Prayer,كتاب الْمَسَاجِدِ وَمَوَاضِعِ الصَّلاَةِ
103,muslim,6,The Book of Prayer - Travellers,كتاب صلاة المسافرين وقصرها
104,muslim,7,The Book of Prayer - Friday,كتاب الجمعة
105,muslim,8,The Book of Prayer - Two Eids,كتاب صلاة العيدين
106,muslim,9,The Book of Prayer - Rain,كتاب صلاة الاستسقاء‏
107,muslim,10,The Book of Prayer - Eclipses,كتاب الكسوف
108,muslim,11,The Book of Prayer - Funerals,كتاب الجنائز
109,muslim,12,The Book of Zakat,كتاب الزكاة
110,muslim,13,The Book of Fasting,كتاب الصيام
111,muslim,14,The Book of I'tikaf,كتاب الاعتكاف
112,muslim,15,The Book of Pilgrimage,كتاب الحج
113,muslim,16,The Book of Marriage,كتاب النكاح
114,muslim,17,The Book of Suckling,كتاب الرضاع
115,muslim,18,The Book of Divorce,كتاب الطلاق
116,muslim,19,The Book of Invoking Curses,كتاب اللعان
117,muslim,20,The Book of Emancipating Slaves,كتاب العتق
118,muslim,21,The Book of Transactions,كتاب البيوع
119,muslim,22,The Book of Musaqah,كتاب المساقاة
120,muslim,23,The Book of the Rules of Inheritance,كتاب الفرائض
121,muslim,24,The Book of Gifts,كتاب الهبات
122,muslim,25,The Book of Wills,كتاب الوصية
123,muslim,26,The Book of Vows,كتاب النذر
124,muslim,27,The Book of Oaths,كتاب الأيمان
125,muslim,28,"The Book of Oaths, Muharibin, Qasas (Retaliation), and Diyat (Blood Money)",كتاب القسامة والمحاربين والقصاص والديات
126,muslim,29,The Book of Legal Punishments,كتاب الحدود
127,muslim,30,The Book of Judicial Decisions,كتاب الأقضية
128,muslim,31,The Book of Lost Property,كتاب اللقطة
129,muslim,32,The Book of Jihad and Expeditions,كتاب الجهاد والسير
130,muslim,33,The Book on Government,كتاب الإمارة
131,muslim,34,"The Book of Hunting, Slaughter, and what may be Eaten",كتاب الصيد والذبائح وما يؤكل من الحيوان
132,muslim,35,The Book of Sacrifices,كتاب الأضاحى
133,muslim,36,The Book of Drinks,كتاب الأشربة
134,muslim,37,The Book of Clothes and Adornment,كتاب اللباس والزينة
135,muslim,38,The Book of Manners and Etiquette,كتاب الآداب
136,muslim,39,The Book of Greetings,كتاب السلام
137,muslim,40,The Book Concerning the Use of Correct Words,كتاب الألفاظ من الأدب وغيرها
138,muslim,41,The Book of Poetry,كتاب الشعر
139,muslim,42,The Book of Dreams,كتاب الرؤيا
140,muslim,43,The Book of Virtues,كتاب الفضائل
141,muslim,44,The Book of the Merits of the Companions,كتاب فضائل الصحابة رضى الله تعالى عنهم
142,muslim,45,"The Book of Virtue, Enjoining Good Manners, and Joining of the Ties of Kinship",كتاب البر والصلة والآداب
143,muslim,46,The Book of Destiny,كتاب القدر
144,muslim,47,The Book of Knowledge,كتاب العلم
145,muslim,48,"The Book Pertaining to the Remembrance of Allah, Supplication, Repentance and Seeking Forgiveness",كتاب الذكر والدعاء والتوبة والاستغفار
146,muslim,49,The Book of Heart-Melting Traditions,كتاب الرقاق
147,muslim,50,The Book of Repentance,كتاب التوبة
148,muslim,51,Characteristics of The Hypocrites And Rulings Concerning Them,كتاب صفات المنافقين وأحكامهم
149,muslim,52,"Characteristics of the Day of Judgment, Paradise, and Hell",كتاب صفة القيامة والجنة والنار
150,muslim,53,"The Book of Paradise, its Description, its Bounties and its Inhabitants",كتاب الجنة وصفة نعيمها وأهلها
151,muslim,54,The Book of Tribulations and Portents of the Last Hour,كتاب الفتن وأشراط الساعة
152,muslim,55,The Book of Zuhd and Softening of Hearts,كتاب الزهد والرقائق
153,muslim,56,The Book of Commentary on the Qur'an,كتاب التفسير
154,nasai,1,The Book of Purification,كتاب الطهارة
155,nasai,2,The Book of Water,كتاب المياه
156,nasai,3,The Book of Menstruation and Istihadah,كتاب الحيض والاستحاضة
157,nasai,4,The Book of Ghusl and Tayammum,كتاب الغسل والتيمم
158,nasai,5,The Book of Salah,كتاب الصلاة
159,nasai,6,The Book of the Times (of Prayer),كتاب المواقيت
160,nasai,7,The Book of the Adhan (The Call to Prayer),كتاب الأذان
161,nasai,8,The Book of the Masjids,كتاب المساجد
162,nasai,9,The Book of the Qiblah,كتاب القبلة
163,nasai,10,The Book of Leading the Prayer (Al-Imamah),كتاب الإمامة
164,nasai,11,The Book of the Commencement of the Prayer,كتاب الافتتاح
165,nasai,12,The Book of The At-Tatbiq (Clasping One's Hands Together),كتاب التطبيق
166,nasai,13,The Book of Forgetfulness (In Prayer),كتاب السهو
167,nasai,14,The Book of Jumu'ah (Friday Prayer),كتاب الجمعة
168,nasai,15,The Book of Shortening the Prayer When Traveling,كتاب تقصير الصلاة فى السفر
169,nasai,16,The Book of Eclipses,كتاب الكسوف
170,nasai,17,The Book of Praying for Rain (Al-Istisqa'),كتاب الاستسقاء
171,nasai,18,The Book of the Fear Prayer,كتاب صلاة الخوف
172,nasai,19,The Book of the Prayer for the Two 'Eids,كتاب صلاة العيدين
173,nasai,20,The Book of Qiyam Al-Lail (The Night Prayer) and Voluntary Prayers During the Day,كتاب قيام الليل وتطوع النهار
174,nasai,21,The Book of Funerals,كتاب الجنائز
175,nasai,22,The Book of Fasting,كتاب الصيام
176,nasai,23,The Book of Zakah,كتاب الزكاة
177,nasai,24,The Book of Hajj,كتاب مناسك الحج
178,nasai,25,The Book of Jihad,كتاب الجهاد
179,nasai,26,The Book of Marriage,كتاب النكاح
180,nasai,27,The Book of Divorce,كتاب الطلاق
181,nasai,28,"The Book of Horses, Races and Shooting",كتاب الخيل
182,nasai,29,The Book of Endowments,كتاب الإحباس
183,nasai,30,The Book of Wills,كتاب الوصايا
184,nasai,31,The Book of Presents,كتاب النحل
185,nasai,32,The Book of Gifts,كتاب الهبة
186,nasai,33,The Book of ar-Ruqba,كتاب الرقبى
187,nasai,34,The Book of 'Umra,كتاب العمرى
188,nasai,35,The Book of Oaths and Vows,كتاب الأيمان والنذور
189,nasai,35b,The Book of Agriculture,كتاب المزارعة
190,nasai,36,The Book of the Kind Treatment of Women,كتاب عشرة النساء
191,nasai,37,The Book of Fighting [The Prohibition of Bloodshed],كتاب تحريم الدم
192,nasai,38,The Book of Distribution of Al-Fay',كتاب قسم الفىء
193,nasai,39,The Book of al-Bay'ah,كتاب البيعة
194,nasai,40,The Book of al-'Aqiqah,كتاب العقيقة
195,nasai,41,The Book of al-Fara' and al-'Atirah,كتاب الفرع والعتيرة
196,nasai,42,The Book of Hunting and Slaughtering,كتاب الصيد والذبائح
197,nasai,43,The Book of ad-Dahaya (Sacrifices),كتاب الضحايا
198,nasai,44,The Book of Financial Transactions,كتاب البيوع
199,nasai,45,"The Book of Oaths (qasamah), Retaliation and Blood Money",كتاب القسامة
200,nasai,46,The Book of Cutting off the Hand of the Thief,كتاب قطع السارق
201,nasai,47,The Book Of Faith and its Signs,كتاب الإيمان وشرائعه
202,nasai,48,The Book of Adornment,كتاب الزينة من السنن
203,nasai,49,The Book of the Etiquette of Judges,كتاب آداب القضاة
204,nasai,50,The Book of Seeking Refuge with Allah,كتاب الاستعاذة
205,nasai,51,The Book of Drinks,كتاب الأشربة
206,abudawud,1,Purification (Kitab Al-Taharah),كتاب الطهارة
207,abudawud,2,Prayer (Kitab Al-Salat),كتاب الصلاة
208,abudawud,3,The Book Of The Prayer For Rain (Kitab al-Istisqa'),كتاب الاستسقاء
209,abudawud,4,Prayer (Kitab Al-Salat): Detailed Rules of Law about the Prayer during Journey,كتاب صلاة السفر
210,abudawud,5,Prayer (Kitab Al-Salat): Voluntary Prayers,كتاب التطوع
211,abudawud,6,Prayer (Kitab Al-Salat): Detailed Injunctions about Ramadan,كتاب شهر رمضان
212,abudawud,7,Prayer (Kitab Al-Salat): Prostration while reciting the Qur'an,كتاب سجود القرآن
213,abudawud,8,Prayer (Kitab Al-Salat): Detailed Injunctions about Witr,كتاب الوتر
214,abudawud,9,Zakat (Kitab Al-Zakat),كتاب الزكاة
215,abudawud,10,The Book of Lost and Found Items,كتاب اللقطة
216,abudawud,11,The Rites of Hajj (Kitab Al-Manasik Wa'l-Hajj),كتاب المناسك
217,abudawud,12,Marriage (Kitab Al-Nikah),كتاب النكاح
218,abudawud,13,Divorce (Kitab Al-Talaq),كتاب الطلاق
219,abudawud,14,Fasting (Kitab Al-Siyam),كتاب الصوم
220,abudawud,15,Jihad (Kitab Al-Jihad),كتاب الجهاد
221,abudawud,16,Sacrifice (Kitab Al-Dahaya),كتاب الضحايا
222,abudawud,17,Game (Kitab Al-Said),كتاب الصيد
223,abudawud,18,Wills (Kitab Al-Wasaya),كتاب الوصايا
224,abudawud,19,Shares of Inheritance (Kitab Al-Fara'id),كتاب الفرائض
225,abudawud,20,"Tribute, Spoils, and Rulership (Kitab Al-Kharaj, Wal-Fai' Wal-Imarah)",كتاب الخراج والإمارة والفىء
226,abudawud,21,Funerals (Kitab Al-Jana'iz),كتاب الجنائز
227,abudawud,22,Oaths and Vows (Kitab Al-Aiman Wa Al-Nudhur),كتاب الأيمان والنذور
228,abudawud,23,Commercial Transactions (Kitab Al-Buyu),كتاب البيوع
229,abudawud,24,Wages (Kitab Al-Ijarah),كتاب الإجارة
230,abudawud,25,The Office of the Judge (Kitab Al-Aqdiyah),كتاب الأقضية
231,abudawud,26,Knowledge (Kitab Al-Ilm),كتاب العلم
232,abudawud,27,Drinks (Kitab Al-Ashribah),كتاب الأشربة
233,abudawud,28,Foods (Kitab Al-At'imah),كتاب الأطعمة
234,abudawud,29,Medicine (Kitab Al-Tibb),كتاب الطب
235,abudawud,30,Divination and Omens (Kitab Al-Kahanah Wa Al-Tatayyur),كتاب الكهانة و التطير
236,abudawud,31,The Book of Manumission of Slaves,كتاب العتق
237,abudawud,32,Dialects and Readings of the Qur'an (Kitab Al-Huruf Wa Al-Qira'at),كتاب الحروف والقراءات
238,abudawud,33,Hot Baths (Kitab Al-Hammam),كتاب الحمَّام
239,abudawud,34,Clothing (Kitab Al-Libas),كتاب اللباس
240,abudawud,35,Combing the Hair (Kitab Al-Tarajjul),كتاب الترجل
241,abudawud,36,Signet-Rings (Kitab Al-Khatam),كتاب الخاتم
242,abudawud,37,Trials and Fierce Battles (Kitab Al-Fitan Wa Al-Malahim),كتاب الفتن والملاحم
243,abudawud,38,The Promised Deliverer (Kitab Al-Mahdi),كتاب المهدى
244,abudawud,39,Battles (Kitab Al-Malahim),كتاب الملاحم
245,abudawud,40,Prescribed Punishments (Kitab Al-Hudud),كتاب الحدود
246,abudawud,41,Types of Blood-Wit (Kitab Al-Diyat),كتاب الديات
247,abudawud,42,Model Behavior of the Prophet (Kitab Al-Sunnah),كتاب السنة
248,abudawud,43,General Behavior (Kitab Al-Adab),كتاب الأدب
249,tirmidhi,1,The Book on Purification,كتاب الطهارة عن رسول الله صلى الله عليه وسلم
250,tirmidhi,2,The Book on Salat (Prayer),كتاب الصلاة
251,tirmidhi,3,The Book on Al-Witr,أَبْوَابُ الْوِتْرِ
252,tirmidhi,4,The Book on the Day of Friday,كِتَاب الْجُمُعَةِ عَنْ رَسُولِ اللَّهِ صَلَّى اللَّهُ عَلَيْهِ وَسَلَّمَ
253,tirmidhi,5,The Book on the Two Eids,أَبْوَابُ الْعِيدَيْنِ عَنْ رَسُولِ اللَّهِ صَلَّى اللَّهُ عَلَيْهِ وَسَلَّمَ
254,tirmidhi,6,The Book on Traveling,أَبْوَابُ السَّفَرِ
255,tirmidhi,7,The Book on Zakat,كتاب الزكاة عن رسول الله صلى الله عليه وسلم
256,tirmidhi,8,The Book on Fasting,كتاب الصوم عن رسول الله صلى الله عليه وسلم
257,tirmidhi,9,The Book on Hajj,كتاب الحج عن رسول الله صلى الله عليه وسلم
258,tirmidhi,10,The Book on Jana''iz (Funerals),كتاب الجنائز عن رسول الله صلى الله عليه وسلم
259,tirmidhi,11,The Book on Marriage,كتاب النكاح عن رسول الله صلى الله عليه وسلم
260,tirmidhi,12,The Book on Suckling,كتاب الرضاع
261,tirmidhi,13,The Book on Divorce and Li'an,كتاب الطلاق واللعان عن رسول الله صلى الله عليه وسلم
262,tirmidhi,14,The Book on Business,كتاب البيوع عن رسول الله صلى الله عليه وسلم
263,tirmidhi,15,The Chapters On Judgements From The Messenger of Allah,كتاب الأحكام عن رسول الله صلى الله عليه وسلم
264,tirmidhi,16,The Book on Blood Money,كتاب الديات عن رسول الله صلى الله عليه وسلم
265,tirmidhi,17,The Book on Legal Punishments (Al-Hudud),كتاب الحدود عن رسول الله صلى الله عليه وسلم
266,tirmidhi,18,The Book on Hunting,كتاب الصيد والذبائح عن رسول الله صلى الله عليه وسلم
267,tirmidhi,19,The Book on Sacrifices,كتاب الأضاحى عن رسول الله صلى الله عليه وسلم
268,tirmidhi,20,The Book on Vows and Oaths,كتاب النذور والأيمان عن رسول الله صلى الله عليه وسلم
269,tirmidhi,21,The Book on Military Expeditions,كتاب السير عن رسول الله صلى الله عليه وسلم
270,tirmidhi,22,The Book on Virtues of Jihad,كتاب فضائل الجهاد عن رسول الله صلى الله عليه وسلم
271,tirmidhi,23,The Book on Jihad,كتاب الجهاد عن رسول الله صلى الله عليه وسلم
272,tirmidhi,24,The Book on Clothing,كتاب اللباس
273,tirmidhi,25,The Book on Food,كتاب الأطعمة عن رسول الله صلى الله عليه وسلم
274,tirmidhi,26,The Book on Drinks,كتاب الأشربة عن رسول الله صلى الله عليه وسلم
275,tirmidhi,27,Chapters on Righteousness And Maintaining Good Relations With Relatives,كتاب البر والصلة عن رسول الله صلى الله عليه وسلم
276,tirmidhi,28,Chapters on Medicine,كتاب الطب عن رسول اللَّهِ صلى الله عليه وسلم
277,tirmidhi,29,Chapters On Inheritance,كتاب الفرائض عن رسول الله صلى الله عليه وسلم
278,tirmidhi,30,Chapters On Wasaya (Wills and Testament),كتاب الوصايا عن رسول الله صلى الله عليه وسلم
279,tirmidhi,31,Chapters On Wala' And Gifts,كتاب الولاء والهبة عن رسول الله صلى الله عليه وسلم
280,tirmidhi,32,Chapters On Al-Qadar,كتاب القدر عن رسول الله صلى الله عليه وسلم
281,tirmidhi,33,Chapters On Al-Fitan,كتاب الفتن عن رسول الله صلى الله عليه وسلم
282,tirmidhi,34,Chapters On Dreams,كتاب الرؤيا عن رسول الله صلى الله عليه وسلم
283,tirmidhi,35,Chapters On Witnesses,كتاب الشهادات عن رسول الله صلى الله عليه وسلم
284,tirmidhi,36,Chapters On Zuhd,كتاب الزهد عن رسول الله صلى الله عليه وسلم
285,tirmidhi,37,"Chapters on the description of the Day of Judgement, Ar-Riqaq, and Al-Wara'",كتاب صفة القيامة والرقائق والورع عن رسول الله صلى الله
286,tirmidhi,38,Chapters on the description of Paradise,كتاب صفة الجنة عن رسول الله صلى الله عليه وسلم
287,tirmidhi,39,The Book on the Description of Hellfire,كتاب صفة جهنم عن رسول الله صلى الله عليه وسلم
288,tirmidhi,40,The Book on Faith,كتاب الإيمان عن رسول الله صلى الله عليه وسلم
289,tirmidhi,41,Chapters on Knowledge,كتاب العلم عن رسول الله صلى الله عليه وسلم
290,tirmidhi,42,Chapters on Seeking Permission,كتاب الاستئذان والآداب عن رسول الله صلى الله عليه وسلم
291,tirmidhi,43,Chapters on Manners,كتاب الأدب عن رسول الله صلى الله عليه وسلم
292,tirmidhi,44,Chapters on Parables,كتاب الأمثال عن رسول الله صلى الله عليه وسلم
293,tirmidhi,45,Chapters on The Virtues of the Qur'an,كتاب ثواب القرآن عن رسول الله صلى الله عليه وسلم
294,tirmidhi,46,Chapters on Recitation,كتاب القراءات عن رسول الله صلى الله عليه وسلم
295,tirmidhi,47,Chapters on Tafsir,كتاب تفسير القرآن عن رسول الله صلى الله عليه وسلم
296,tirmidhi,48,Chapters on Supplication,كتاب الدعوات عن رسول الله صلى الله عليه وسلم
297,tirmidhi,49,Chapters on Virtues,كتاب المناقب عن رسول الله صلى الله عليه وسلم
298,ibnmajah,,The Book of the Sunnah,كتاب المقدمة
299,ibnmajah,1,The Book of Purification and its Sunnah,كتاب الطهارة وسننها
300,ibnmajah,2,The Book of the Prayer,كتاب الصلاة
301,ibnmajah,3,The Book of the Adhan and the Sunnah Regarding It,كتاب الأذان والسنة فيها
302,ibnmajah,4,The Book On The Mosques And The Congregations,كتاب المساجد والجماعات
303,ibnmajah,5,Establishing the Prayer and the Sunnah Regarding Them,كتاب إقامة الصلاة والسنة فيها
304,ibnmajah,6,Chapters Regarding Funerals,كتاب الجنائز
305,ibnmajah,7,Fasting,كتاب الصيام
306,ibnmajah,8,The Chapters Regarding Zakat,كتاب الزكاة
307,ibnmajah,9,The Chapters on Marriage,كتاب النكاح
308,ibnmajah,10,The Chapters on Divorce,كتاب الطلاق
309,ibnmajah,11,The Chapters on Expiation,كتاب الكفارات
310,ibnmajah,12,The Chapters on Business Transactions,كتاب التجارات
311,ibnmajah,13,The Chapters on Rulings,كتاب الأحكام
312,ibnmajah,14,The Chapters on Gifts,كتاب الهبات
313,ibnmajah,15,The Chapters on Charity,كتاب الصدقات
314,ibnmajah,16,The Chapters on Pawning,كتاب الرهون
315,ibnmajah,17,The Chapters on Pre-emption,كتاب الشفعة
316,ibnmajah,18,The Chapters on Lost Property,كتاب اللقطة
317,ibnmajah,19,The Chapters on Manumission (of Slaves),كتاب العتق
318,ibnmajah,20,The Chapters on Legal Punishments,كتاب الحدود
319,ibnmajah,21,The Chapters on Blood Money,كتاب الديات
320,ibnmajah,22,The Chapters on Wills,كتاب الوصايا
321,ibnmajah,23,Chapters on Shares of Inheritance,كتاب الفرائض
322,ibnmajah,24,The Chapters on Jihad,كتاب الجهاد
323,ibnmajah,25,Chapters on Hajj Rituals,كتاب المناسك
324,ibnmajah,26,Chapters on Sacrifices,كتاب الأضاحي
325,ibnmajah,27,Chapters on Slaughtering,كتاب الذبائح
326,ibnmajah,28,Chapters on Hunting,كتاب الصيد
327,ibnmajah,29,Chapters on Food,كتاب الأطعمة
328,ibnmajah,30,Chapters on Drinks,كتاب الأشربة
329,ibnmajah,31,Chapters on Medicine,كتاب الطب
330,ibnmajah,32,Chapters on Dress,كتاب اللباس
331,ibnmajah,33,Etiquette,كتاب الأدب
332,ibnmajah,34,Supplication,كتاب الدعاء
333,ibnmajah,35,Interpretation of Dreams,كتاب تعبير الرؤيا
334,ibnmajah,36,Tribulations,كتاب الفتن
335,ibnmajah,37,Zuhd,كتاب الزهد
336,malik,1,The Times of Prayer,كتاب وقوت الصلاة
337,malik,2,Purity,كتاب الطهارة
338,malik,3,Prayer,كتاب الصلاة
339,malik,4,Forgetfulness in Prayer,كتاب السهو
340,malik,5,Jumu'a,كتاب الجمعة
341,malik,6,Prayer in Ramadan,كتاب الصلاة فى رمضان
342,malik,7,Tahajjud,كتاب صلاة الليل
343,malik,8,Prayer in Congregation,كتاب صلاة الجماعة
344,malik,9,Shortening the Prayer,كتاب قصر الصلاة فى السفر
345,malik,10,The Two 'Ids,كتاب العيدين
346,malik,11,The Fear Prayer,كتاب صلاة الخوف
347,malik,12,The Eclipse Prayer,كتاب صلاة الكسوف
348,malik,13,Asking for Rain,كتاب الاستسقاء
349,malik,14,The Qibla,كتاب القبلة
350,malik,15,The Qur'an,كتاب القرآن
351,malik,16,Burials,كتاب الجنائز
352,malik,17,Zakat,كتاب الزكاة
353,malik,18,Fasting,كتاب الصيام
354,malik,19,I'tikaf in Ramadan,كتاب الاعتكاف
355,malik,20,Hajj,كتاب الحج
356,malik,21,Jihad,كتاب الجهاد
357,malik,22,Vows and Oaths,كتاب النذور والأيمان
358,malik,23,Sacrificial Animals,كتاب الضحايا
359,malik,24,Slaughtering Animals,كتاب الذبائح
360,malik,25,Game,كتاب الصيد
361,malik,26,The 'Aqiqa,كتاب العقيقة
362,malik,27,Fara'id,كتاب الفرائض
363,malik,28,Marriage,كتاب النكاح
364,malik,29,Divorce,كتاب الطلاق
365,malik,30,Suckling,كتاب الرضاع
366,malik,31,Business Transactions,كتاب البيوع
367,malik,32,Qirad,كتاب القراض
368,malik,33,Sharecropping,كتاب المساقاة
369,malik,34,Renting Land,كتاب كراء الأرض
370,malik,35,Pre-emption in Property,كتاب الشفعة
371,malik,36,Judgements,كتاب الأقضية
372,malik,37,Wills and Testaments,كتاب الوصية
373,malik,38,Setting Free and Wala',كتاب العتق والولاء
374,malik,39,The Mukatab,كتاب المكاتب
375,malik,40,The Mudabbar,كتاب المدبر
376,malik,41,Hudud,كتاب الحدود
377,malik,42,Drinks,كتاب الأشربة
378,malik,43,Blood-Money,كتاب العقول
379,malik,44,The Oath of Qasama,كتاب القسامة
380,malik,45,Madina,كتاب الْمَدِينَةِ
381,malik,46,The Decree,كتاب القدر
382,malik,47,Good Character,كتاب حسن الخلق
383,malik,48,Dress,كتاب اللباس
384,malik,49,"The Description of the Prophet, may Allah Bless Him and Grant Him Peace",كتاب صفة النبى صلى الله عليه وسلم
385,malik,50,The Evil Eye,كتاب العين
386,malik,51,Hair,كتاب الشعر
387,malik,52,Visions,كتاب الرؤيا
388,malik,53,Greetings,كتاب السلام
389,malik,54,General Subjects,كتاب الاستئذان
390,malik,55,The Oath of Allegiance,كتاب البيعة
391,malik,56,Speech,كتاب الكلام
392,malik,57,Jahannam,كتاب جهنم
393,malik,58,Sadaqa,كتاب الصدقة
394,malik,59,Knowledge,كتاب العلم
395,malik,60,The Supplication of the Unjustly Wronged,كتاب دعوة المظلوم
396,malik,61,"The Names of the Prophet, may Allah Bless Him and Grant Him Peace",كتاب أسماء النبى صلى الله عليه وسلم
397,ahmad,1,Musnad Abu Bakr as-Siddiq (ra),مُسْنَدُ أَبِي بَكْرٍ الصِّدِّيقِ رَضِيَ اللَّهُ عَنْهُ
398,ahmad,2,Musnad `Umar b. al-Khattab (ra),مُسْنَدِ عُمَرَ بْنِ الْخَطَّابِ رَضِيَ اللَّهُ عَنْهُ
399,ahmad,3,The Hadeeth of Saqeefah,حَدِيثُ السَّقِيفَةِ
400,ahmad,4,Musnad Uthman ibn Affan,مُسْنَدُ عُثْمَانَ بْنِ عَفَّانَ رَضِيَ اللَّهُ عَنْهُ
401,ahmad,5,Musnad 'Ali Ibn Abi Talib,وَمِنْ مُسْنَدِ عَلِيِّ بْنِ أَبِي طَالِبٍ رَضِيَ اللَّهُ عَنْهُ
402,ahmad,6,Musnad of Abu Muhammad Talhah bin 'Ubaidullah,مُسْنَدُ أَبِي مُحَمَّدٍ طَلْحَةَ بْنِ عُبَيْدِ اللَّهِ رَضِيَ اللَّهُ تَعَالَى عَنْهُ
403,ahmad,7,The Musnad of az-Zubair bin al-'Awwam,مُسْنَدُ الزُّبَيْرِ بْنِ الْعَوَّامِ رَضِيَ اللَّهُ عَنْهُ
404,ahmad,31,,حَدِيثُ أَبِي رِمْثَةَ عَنْ النَّبِيَّ رَضِيَ اللَّهُ عَنْهُ
405,darimi,,,سنن الدارمي
406,darimi,1,,كِتَاب الطَّهَارَةِ
407,darimi,2,,كِتَاب الصَّلَاةِ
408,darimi,3,,مِنْ كِتَابِ الزَّكَاةِ
409,darimi,4,,وَمِنْ كِتَابِ الصَّوْمِ
410,darimi,5,,مِنْ كِتَابِ الْمَنَاسِكِ
411,darimi,6,,مِنْ كِتَابِ الْأَضَاحِيِّ
412,darimi,7,,وَمِنْ كِتَابِ الصَّيْدِ
413,darimi,8,,وَمِنْ كِتَابِ الْأَطْعِمَةِ
414,darimi,9,,وَمِنْ كِتَابِ الْأَشْرِبَةِ
415,darimi,10,,وَمِنْ كِتَابِ الرُّؤْيَا
416,darimi,11,,وَمِنْ كِتَابِ النِّكَاحِ
417,darimi,12,,وَمِنْ كِتَابِ الطَّلَاقِ
418,darimi,13,,وَمِنْ كِتَابِ الْحُدُودِ
419,darimi,14,,وَمِنْ كِتَابِ النُّذُورِ وَالْأَيْمَانِ
420,darimi,15,,وَمِنْ كِتَابِ الدِّيَاتِ
421,darimi,16,,كِتَاب الْجِهَادِ
422,darimi,17,,وَمِنْ كِتَابِ السِّيَرِ
423,darimi,18,,وَمِنْ كِتَابِ الْبُيُوعِ
424,darimi,19,,وَمِنْ كِتَابِ الِاسْتِئْذَانِ
425,darimi,20,,وَمِنْ كِتَابِ الرِّقَاقِ
426,darimi,21,,مِنْ كِتَابِ الْفَرَائِضِ
427,darimi,22,,مِنْ كِتَابِ الْوَصَايَا
428,darimi,23,,وَمِنْ كِتَابِ فَضَائِلِ الْقُرْآنِ
